epoch, state, cogni, num_in, num_out, num_con, generosity, spawn_investment, connection_willingness, received_rewards, maintenance, births, deaths, population_size, 
11, 0.0, 500.0, 0.5, 0.5, 1.0, 0.005129777655419735, 183.5, 5.0, 0.0, 0.5, 0, -1, 1, 
12, 2.5, 498.79289321881345, 0.5, 1.5, 2.0, 0.009047226088424173, 38.0, 6.0, 0.0, 1.0, 0, 0, 1, 
13, 2.0, 471.79289321881345, 0.0, 1.5, 1.5, 0.03556362431737805, 79.0, 2.5, 0.0, 0.5, 0, 0, 1, 
