epoch, state, cogni, num_in, num_out, num_con, generosity, spawn_investment, connection_willingness, received_rewards, maintenance, births, deaths, population_size, 
10, 0.0, 500.0, 0.0, 0.0, 0.0, 0.02776990379598452, 6.0, 2.0, 0.0, 0.0, 0, -1, 1, 
11, 1.0, 498.79289321881345, 0.0, 0.5, 0.5, 0.049828900232559634, 26.5, 2.5, 0.0, 1.0, 0, 0, 1, 
12, 3.5, 487.5857864376269, 0.0, 1.0, 1.0, 0.02119668779772645, 233.0, 4.5, 0.0, 0.0, 0, 0, 1, 
13, 2.0, 301.05719095841795, 0.3333333333333333, 1.3333333333333333, 1.6666666666666667, 0.0417425911600369, 134.66666666666666, 3.0, 0.0, 0.3333333333333333, 0, -1, 2, 
